,exp_iter,caipi_iter,state,fp_rate,fn_rates,precision,recall,accuracy,corr_ces_pos,corr_ces_neg,labeled_size,unlabeled_size
0,1,1,RWR,0.0,1.0,,0.0,0.7457614624797287,0.0,0.0,11,31655
1,1,2,W,0.0,1.0,,0.0,0.7457614624797287,0.0,0.0,12,31654
2,1,3,RWR,0.0004942176534545814,0.9921716439547695,0.84375,0.007828356045230501,0.7473831637918326,0.0,0.24,13,31653
3,1,4,W,0.0,0.9985503044360684,1.0,0.0014496955639315744,0.7461300309597523,0.0,0.08,14,31652
4,1,5,W,0.0012849658989819116,0.9718759060597275,0.8818181818181818,0.028124093940272543,0.751953412944125,0.0,0.35,15,31651
5,1,6,W,0.0016803400217455767,0.9240359524499855,0.9390681003584229,0.0759640475500145,0.7638213180008846,0.0,0.58,16,31650
6,1,7,W,0.003162992982109321,0.8701072774717309,0.9333333333333333,0.12989272252826906,0.7764263600176913,0.0,0.648936170212766,17,31649
7,1,8,W,0.007116734209745972,0.8216874456364164,0.8951965065502183,0.17831255436358365,0.7857879994102904,0.0,0.6354166666666666,18,31648
8,1,9,RWR,0.015518434318473856,0.6862858799652073,0.8732849071832123,0.3137141200347927,0.8139466312840926,0.0,0.75,19,31647
9,1,10,W,0.014233468419491944,0.6981733835894463,0.8784810126582279,0.3018266164105538,0.8118826477959605,0.0,0.6744186046511628,20,31646
10,1,11,W,0.01462884254225561,0.6909249057697884,0.8780889621087314,0.3090750942302117,0.8134306354120595,0.0,0.875,21,31645
11,1,12,W,0.021350202629237917,0.6329370832125254,0.854251012145749,0.36706291678747466,0.8231608432846823,0.0,0.7934782608695652,22,31644
12,1,13,W,0.038548976969457346,0.5894462162945782,0.7840531561461794,0.41055378370542184,0.821391714580569,0.0,0.6588235294117647,23,31643
13,1,14,RWR,0.07996441632895127,0.5418962017976225,0.6613645876935956,0.4581037982023775,0.8025947220993661,0.0,0.5402298850574713,24,31642
14,1,15,W,0.0589107442917861,0.559872426790374,0.718070009460738,0.440127573209626,0.8137254901960784,0.0,0.5483870967741935,25,31641
15,1,16,RRR,0.06464366907185924,0.534937663090751,0.7103631532329495,0.46506233690924903,0.8157894736842105,0.0,0.5617977528089888,26,31640
16,1,17,W,0.04863101709993081,0.5633516961438098,0.7537537537537538,0.4366483038561902,0.8205071502285125,0.0,0.5340909090909091,27,31639
17,1,18,RWR,0.06276564198873184,0.5358074804291099,0.7160107334525939,0.46419251957089014,0.8169688928202861,0.0,0.4117647058823529,28,31638
18,1,19,RWR,0.0515963230206583,0.566251087271673,0.7413280475718533,0.43374891272832705,0.8175586023883238,0.0,0.6235294117647059,29,31637
19,1,20,W,0.03933972521498468,0.602203537257176,0.7751412429378531,0.397796462742824,0.8175586023883238,0.0,0.550561797752809,30,31636
20,1,21,RRR,0.0467529900168034,0.5674108437228182,0.7592875318066158,0.4325891562771818,0.820875718708536,0.0,0.5340909090909091,31,31635
21,1,22,RWR,0.04349115350400316,0.5706001739634676,0.7709526288391463,0.4293998260365323,0.8224974200206399,0.0,0.5833333333333334,32,31634
22,1,23,RWR,0.04388652762676683,0.5746593215424761,0.7676609105180534,0.42534067845752394,0.821170573492555,0.0,0.4782608695652174,33,31633
23,1,24,W,0.03331026984283879,0.5906059727457234,0.8073184676958262,0.4093940272542766,0.8250036856848002,0.0,0.5862068965517241,34,31632
24,1,25,W,0.039043194622911934,0.5790084082342708,0.7861396859772605,0.4209915917657292,0.8236768391567153,0.0,0.6704545454545454,35,31631
25,1,26,RRR,0.04408421468814866,0.5659611481588867,0.7704580545548122,0.43403885184111335,0.823234556980687,0.0,0.5952380952380952,36,31630
26,1,27,W,0.042206187605021254,0.5839373731516382,0.7706766917293233,0.41606262684836187,0.8200648680524841,0.0,0.5393258426966292,37,31629
27,1,28,RWR,0.043985371157457744,0.5703102348506813,0.7690710949662688,0.42968976514931867,0.8222025652366209,0.0,0.6627906976744186,38,31628
28,1,29,RWR,0.0376593851932391,0.5830675558132792,0.7905442550852116,0.41693244418672076,0.8236768391567153,0.0,0.5121951219512195,39,31627
29,1,30,RWR,0.03281605218938421,0.5952449985503044,0.8078703703703703,0.40475500144969556,0.8241928350287483,0.0,0.6385542168674698,40,31626
30,1,31,W,0.030740338044874964,0.5972745723398086,0.8170588235294117,0.40272542766019137,0.8252248267728144,0.0,0.7127659574468085,41,31625
31,1,32,W,0.040525847583275675,0.5537837054218614,0.7896357106208312,0.4462162945781386,0.828984225269055,0.0,0.6022727272727273,42,31624
32,1,33,W,0.06414945141840467,0.48100898811249637,0.7339073390733908,0.5189910118875036,0.8298687896211117,0.0,0.2777777777777778,43,31623
33,1,34,RWR,0.07512108332509637,0.4427370252247028,0.7166293810589113,0.5572629747752972,0.8314167772372106,0.0,0.4,44,31622
34,1,35,RWR,0.0716615597509143,0.4496955639315744,0.7235989325200153,0.5503044360684256,0.8322276278932625,0.0,0.3253012048192771,45,31621
35,1,36,RRR,0.07047543738262331,0.45288489417222383,0.7257692307692307,0.5471151058277761,0.8323013415892673,0.0,0.3888888888888889,46,31620
36,1,37,RRR,0.05683503014727686,0.476949840533488,0.7583018074821354,0.523050159466512,0.8363555948695267,0.0,0.3448275862068966,47,31619
37,1,38,RWR,0.042206187605021254,0.5416062626848361,0.7873505976095617,0.4583937373151638,0.8308270676691729,0.0,0.367816091954023,48,31618
38,1,39,W,0.040525847583275675,0.5514641925195709,0.7904956566172713,0.4485358074804291,0.8295739348370927,0.0,0.46153846153846156,49,31617
39,1,40,W,0.053968567757240286,0.534067845752392,0.7464003715745472,0.465932154247608,0.8239716939407342,0.0,0.3176470588235294,50,31616
40,1,41,W,0.06849856676880497,0.48825746593215424,0.7180634662327096,0.5117425340678458,0.8247825445967861,0.0,0.35365853658536583,51,31615
41,1,42,RWR,0.07116734209745972,0.46245288489417224,0.7202797202797203,0.5375471151058278,0.8293527937490786,0.0,0.2926829268292683,52,31614
42,1,43,RWR,0.064940199663932,0.4923166135111627,0.7271594684385382,0.5076833864888374,0.8264042459088898,0.0,0.37777777777777777,53,31613
43,1,44,W,0.06424829494909558,0.4943461873006669,0.7284878863826232,0.5056538126993332,0.8264042459088898,0.0,0.4578313253012048,54,31612
44,1,45,RWR,0.06820203617673223,0.4772397796462743,0.7232250300842359,0.5227602203537257,0.8278048061329795,0.0,0.26373626373626374,55,31611
45,1,46,RWR,0.060788771374913515,0.48622789214265005,0.7423544197737746,0.51377210785735,0.8310482087571871,0.0,0.35,56,31610
46,1,47,RRR,0.06385292082633191,0.4876775877065816,0.7322834645669292,0.5123224122934183,0.8283945157010173,0.0,0.3780487804878049,57,31609
47,1,48,W,0.054660472472076706,0.5097129602783416,0.7535650623885918,0.49028703972165844,0.8296476485330975,0.0,0.4235294117647059,58,31608
48,1,49,W,0.05614312543244045,0.4931864308495216,0.7547495682210709,0.5068135691504784,0.8327436237652955,0.0,0.5,59,31607
49,1,50,W,0.06810319264604131,0.4537547115105828,0.7322191993781578,0.5462452884894172,0.8338493292053664,0.0,0.575,60,31606
50,1,51,W,0.06998121972916872,0.43577848651783124,0.7332328560663149,0.5642215134821688,0.8370190181335693,0.0,0.4883720930232558,61,31605
51,1,52,W,0.07551645744786004,0.43055958248767756,0.7199413489736071,0.5694404175123224,0.8342178976853899,0.0,0.5595238095238095,62,31604
52,1,53,RWR,0.07778985865375111,0.40794433169034505,0.7218098267939201,0.592055668309655,0.8382721509656494,0.0,0.5584415584415584,63,31603
53,1,54,RWR,0.06909162795295049,0.43026964337489126,0.7376126126126126,0.5697303566251087,0.8390830016217014,0.0,0.5662650602409639,64,31602
54,1,55,W,0.06760897499258674,0.4328790953899681,0.740909090909091,0.5671209046100318,0.8395252837977296,0.0,0.38372093023255816,65,31601
55,1,56,W,0.07344074330335079,0.40649463612641346,0.7336917562724015,0.5935053638735865,0.8418841220698806,0.0,0.46987951807228917,66,31600
56,1,57,W,0.0807551645744786,0.36358364743403887,0.7287516600265604,0.6364163525659612,0.8473389355742297,0.0,0.5813953488372093,67,31599
57,1,58,W,0.08401700108727883,0.3450275442157147,0.7266001929880991,0.6549724557842853,0.849624060150376,0.0,0.6428571428571429,68,31598
58,1,59,W,0.08658693288524266,0.3583647434038852,0.716413078666235,0.6416352565961149,0.8443166740380362,0.0,0.6071428571428571,69,31597
59,1,60,RWR,0.09271523178807947,0.3258915627718179,0.7125344774747165,0.674108437228182,0.8480023588382721,0.0,0.4,70,31596
60,1,61,W,0.08777305525353366,0.3331400405914758,0.7214554579673776,0.6668599594085242,0.8498452012383901,0.0,0.5609756097560976,71,31595
61,1,62,RWR,0.09143026588909756,0.3221223543055958,0.7165185412197365,0.6778776456944042,0.8499189149343949,0.0,0.5657894736842105,72,31594
62,1,63,W,0.08540081051695167,0.3328501014786895,0.7270142180094786,0.6671498985213106,0.851688043638508,0.0,0.5833333333333334,73,31593
63,1,64,RWR,0.08945339527527923,0.33371991881704843,0.7174523883858882,0.6662800811829516,0.8484446410143005,0.0,0.6794871794871795,74,31592
64,1,65,W,0.08806958584560641,0.3258915627718179,0.7229477611940298,0.674108437228182,0.8514669025504938,0.0,0.5714285714285714,75,31591
65,1,66,RRR,0.09093604823564298,0.31458393737315166,0.7198538367844093,0.6854160626268484,0.852204039510541,0.0,0.5853658536585366,76,31590
66,1,67,RWR,0.09073836117426115,0.32473180632067267,0.7172774869109948,0.6752681936793273,0.8497714875423854,0.0,0.5064935064935064,77,31589
67,1,68,W,0.08905802115251557,0.3371991881704842,0.7172889865076875,0.6628008118295158,0.8478549314462627,0.0,0.5747126436781609,78,31588
68,1,69,W,0.09192448354255214,0.3212525369672369,0.7156832772852338,0.6787474630327631,0.8497714875423854,0.0,0.5465116279069767,79,31587
69,1,70,W,0.09429672827913413,0.31893302406494634,0.7111716621253406,0.6810669759350536,0.8485920684063099,0.0,0.4883720930232558,80,31586
70,1,71,RWR,0.09508747652466146,0.309365033342998,0.7123205741626795,0.6906349666570021,0.8504349108064279,0.0,0.5542168674698795,81,31585
71,1,72,RWR,0.08826727290698824,0.32067265874166423,0.7240420271940667,0.6793273412583357,0.8526463216865694,0.0,0.4411764705882353,82,31584
72,1,73,RWR,0.08767421172284275,0.3258915627718179,0.7238480697384807,0.674108437228182,0.8517617573345128,0.0,0.5111111111111111,83,31583
73,1,74,RRR,0.08787189878422458,0.3276311974485358,0.7228802992518704,0.6723688025514641,0.851172047766475,0.0,0.632183908045977,84,31582
74,1,75,RWR,0.08490659286349708,0.33198028414033054,0.7284223838128359,0.6680197158596695,0.8522777532065458,0.0,0.5487804878048781,85,31581
75,1,76,W,0.08362162696451517,0.3444476659901421,0.727711618925008,0.6555523340098579,0.8500663423264042,0.0,0.5875,86,31580
76,1,77,RWR,0.08223781753484234,0.3392287619599884,0.7325618772099004,0.6607712380400116,0.8524251805985552,0.0,0.6388888888888888,87,31579
77,1,78,RRR,0.082633191657606,0.34212815308785155,0.730756843800322,0.6578718469121484,0.8513931888544891,0.0,0.5625,88,31578
78,1,79,W,0.08065632104378768,0.3493766309075094,0.7333333333333333,0.6506233690924905,0.8510246203744656,0.0,0.4875,89,31577
79,1,80,W,0.08045863398240585,0.3447376051029284,0.7351984385165907,0.6552623948970716,0.8523514669025505,0.0,0.5769230769230769,90,31576
80,1,81,W,0.08609271523178808,0.3331400405914758,0.7253232418795332,0.6668599594085242,0.8510983340704703,0.0,0.5733333333333334,91,31575
81,1,82,W,0.0867846199466245,0.3276311974485358,0.7253675320613074,0.6723688025514641,0.851982898422527,0.0,0.5903614457831325,92,31574
82,1,83,RWR,0.08767421172284275,0.3308205276891853,0.7223787167449139,0.6691794723108148,0.8505086245024326,0.0,0.5443037974683544,93,31573
83,1,84,RWR,0.0904418305821884,0.3238619889823137,0.7182014166923314,0.6761380110176863,0.8502137697184137,0.0,0.4533333333333333,94,31572
84,1,85,W,0.0868834634773154,0.3311104668019716,0.724105461393597,0.6688895331980285,0.8510246203744656,0.0,0.6296296296296297,95,31571
85,1,86,RWR,0.08905802115251557,0.32038271962887793,0.7223420647149461,0.679617280371122,0.8521303258145363,0.0,0.7073170731707317,96,31570
86,1,87,RWR,0.08609271523178808,0.3235720498695274,0.7281523096129837,0.6764279501304726,0.8535308860386259,0.0,0.5466666666666666,97,31569
87,1,88,W,0.08629040229316991,0.3261815018846042,0.7269314982796372,0.6738184981153957,0.8527200353825741,0.0,0.5316455696202531,98,31568
88,1,89,RRR,0.08757536819215182,0.3209625978544506,0.7255266418835192,0.6790374021455494,0.8530886038625977,0.0,0.6144578313253012,99,31567
89,1,90,W,0.08767421172284275,0.3279211365613221,0.7232449297971919,0.6720788634386778,0.8512457614624798,0.0,0.6075949367088608,100,31566
90,1,91,RWR,0.09054067411287932,0.3177732676138011,0.7197919853166106,0.6822267323861989,0.851688043638508,0.0,0.6179775280898876,101,31565
91,1,92,W,0.08747652466146091,0.3198028414033053,0.7260909935004642,0.6801971585966947,0.8534571723426213,0.0,0.5232558139534884,102,31564
92,1,93,W,0.08965108233666107,0.3221223543055958,0.7204930662557781,0.6778776456944042,0.8512457614624798,0.0,0.7023809523809523,103,31563
93,1,94,RRR,0.09034298705149749,0.3177732676138011,0.7202326293235384,0.6822267323861989,0.8518354710305175,0.0,0.6219512195121951,104,31562
94,1,95,W,0.09063951764357023,0.31893302406494634,0.7192284139620331,0.6810669759350536,0.8513194751584845,0.0,0.5822784810126582,105,31561
95,1,96,RRR,0.08994761292873381,0.31487387648593795,0.7219676138099603,0.6851261235140621,0.8528674627745835,0.0,0.5949367088607594,106,31560
96,1,97,W,0.08777305525353366,0.32183241519280953,0.7248218159281066,0.6781675848071905,0.8527200353825741,0.0,0.49382716049382713,107,31559
97,1,98,W,0.08935455174458831,0.3160336329370832,0.7229543365001533,0.6839663670629168,0.8530148901665929,0.0,0.611764705882353,108,31558
98,1,99,RWR,0.09212217060393398,0.314004059147579,0.7174044875682232,0.685995940852421,0.8514669025504938,0.0,0.632183908045977,109,31557
99,1,100,RRR,0.09073836117426115,0.314004059147579,0.7204628501827041,0.685995940852421,0.8524988942945599,0.0,0.5625,110,31556
100,2,1,RWR,0.1383691156194603,0.9152989449003517,0.1706021251475797,0.0847010550996483,0.6662243844906384,0.0,0.2,11,31655
101,2,2,RWR,0.07169588339570612,0.9226260257913247,0.2661290322580645,0.07737397420867527,0.7142857142857143,0.0,0.15306122448979592,12,31654
102,2,3,W,0.04914319480007879,0.9170574443141852,0.3618925831202046,0.08294255568581477,0.7325667108948842,0.0,0.07142857142857142,13,31653
103,2,4,RWR,0.06952924955682489,0.8030480656506448,0.4876632801161103,0.1969519343493552,0.7459826035677429,0.0,0.15789473684210525,14,31652
104,2,5,RWR,0.05544612960409691,0.847010550996483,0.48110599078341015,0.152989449003517,0.7454666076957098,0.0,0.06315789473684211,15,31651
105,2,6,RWR,0.03574945834154028,0.8971277842907386,0.49159663865546216,0.10287221570926143,0.7476043048798466,0.0,0.10204081632653061,16,31650
106,2,7,W,0.026393539491825883,0.9176436107854631,0.51183970856102,0.08235638921453693,0.7494471472799646,0.0,0.14583333333333334,17,31649
107,2,8,W,0.04284025999606066,0.8256154747948418,0.5776699029126213,0.17438452520515826,0.7602830605926582,0.0,0.17204301075268819,18,31648
108,2,9,RRR,0.08774867047468977,0.7007620164126612,0.5339958158995816,0.29923798358733883,0.7580716497125166,0.0,0.125,19,31647
109,2,10,W,0.06539294859168801,0.7189331770222743,0.5908810844115835,0.28106682297772567,0.770234409553295,0.0,0.16853932584269662,20,31646
110,2,11,W,0.0811502856017333,0.6934349355216881,0.5593582887700534,0.30656506447831183,0.7648533097449506,0.0,0.10989010989010989,21,31645
111,2,12,RWR,0.11837699428796533,0.52989449003517,0.571632216678546,0.47010550996483,0.7781217750257998,0.0,0.27710843373493976,22,31644
112,2,13,RRR,0.11965727792003152,0.5873388042203986,0.5367899351887152,0.4126611957796014,0.7627156125608138,0.0,0.10112359550561797,23,31643
113,2,14,RRR,0.09503643884183573,0.6465416178194607,0.5555043758636573,0.35345838218053927,0.7662538699690402,0.0,0.12941176470588237,24,31642
114,2,15,RRR,0.06933228284419933,0.6400937866354045,0.6356107660455487,0.35990621336459555,0.7871148459383753,0.0,0.15555555555555556,25,31641
115,2,16,RWR,0.05731731337403979,0.6611957796014069,0.6651323360184119,0.3388042203985932,0.7908005307386112,0.0,0.23958333333333334,26,31640
116,2,17,RRR,0.05869608036241875,0.664126611957796,0.6578645235361653,0.335873388042204,0.7890314020344981,0.0,0.2717391304347826,27,31639
117,2,18,W,0.04628717746700808,0.7283118405627198,0.6635647816750179,0.2716881594372802,0.7821760283060593,0.0,0.1348314606741573,28,31638
118,2,19,RWR,0.06214299783336616,0.5764947245017585,0.6960500963391136,0.4235052754982415,0.8084918177797434,0.0,0.2222222222222222,29,31637
119,2,20,W,0.06037029741973606,0.6049237983587339,0.6874043855175931,0.3950762016412661,0.8026684357953707,0.0,0.2857142857142857,30,31636
120,2,21,RWR,0.061256647626551114,0.5712192262602579,0.7016786570743405,0.4287807737397421,0.8104820875718709,0.0,0.3176470588235294,31,31635
121,2,22,W,0.05633247981091195,0.6348182883939039,0.6853685368536854,0.36518171160609614,0.798171900339083,0.0,0.30434782608695654,32,31634
122,2,23,RRR,0.06066574748867441,0.6014067995310668,0.6882591093117408,0.39859320046893315,0.8033318590594133,0.0,0.32558139534883723,33,31633
123,2,24,W,0.04490841047862911,0.6468347010550997,0.7254665863937387,0.35316529894490034,0.8037004275394368,0.0,0.34782608695652173,34,31632
124,2,25,W,0.04451447705337798,0.6257327080890973,0.7385772122614228,0.3742672919109027,0.8093026684357953,0.0,0.3763440860215054,35,31631
125,2,26,W,0.05170376206421115,0.5419109026963658,0.7485632183908046,0.45808909730363423,0.8250036856848002,0.0,0.45161290322580644,36,31630
126,2,27,W,0.06243844790230451,0.4976553341148886,0.7299829642248722,0.5023446658851114,0.8280996609169984,0.0,0.5542168674698795,37,31629
127,2,28,W,0.0729761670277723,0.43903868698710435,0.7209039548022599,0.5609613130128956,0.8349550346454371,0.0,0.5813953488372093,38,31628
128,2,29,W,0.07868820169391373,0.4273153575615475,0.7097711587359244,0.5726846424384525,0.8336281881173522,0.0,0.5,39,31627
129,2,30,W,0.07839275162497537,0.42409144196951937,0.7116986599058313,0.5759085580304807,0.8346601798614183,0.0,0.4878048780487805,40,31626
130,2,31,RWR,0.08548355327949576,0.3994724501758499,0.7024340075419953,0.60052754982415,0.8355447442134749,0.0,0.5903614457831325,41,31625
131,2,32,RWR,0.08243056923379949,0.40767878077373976,0.7071378586424073,0.5923212192262602,0.835765885301489,0.0,0.5833333333333334,42,31624
132,2,33,W,0.07819578491234981,0.4059202813599062,0.7185395249911379,0.5940797186400938,0.8393778564057202,0.0,0.5056179775280899,43,31623
133,2,34,W,0.08282450265905061,0.3886283704572098,0.7126750939528528,0.6113716295427901,0.8402624207577768,0.0,0.625,44,31622
134,2,35,W,0.08952137088831988,0.3590269636576788,0.7063953488372093,0.6409730363423212,0.8426949727259325,0.0,0.6172839506172839,45,31621
135,2,36,W,0.1098089422887532,0.32063305978898005,0.6752111855519953,0.67936694021102,0.8371664455255786,0.0,0.6746987951807228,46,31620
136,2,37,W,0.10813472523143589,0.31770222743259086,0.6795096322241682,0.6822977725674091,0.8391567153177061,0.0,0.6621621621621622,47,31619
137,2,38,W,0.11788457750640143,0.29396248534583824,0.668053244592346,0.7060375146541618,0.8378298687896211,0.0,0.6933333333333334,48,31618
138,2,39,W,0.11995272798896986,0.2769636576787808,0.6694708276797829,0.7230363423212193,0.8405572755417957,0.0,0.6666666666666666,49,31617
139,2,40,RWR,0.12546779594248572,0.26699882766705746,0.6625165562913907,0.7330011723329426,0.8389355742296919,0.0,0.6309523809523809,50,31616
140,2,41,W,0.12182391175891275,0.2787221570926143,0.6654948620876149,0.7212778429073857,0.8387144331416777,0.0,0.6619718309859155,51,31615
141,2,42,W,0.1238920622414812,0.264947245017585,0.6659585767392459,0.735052754982415,0.8406309892378003,0.0,0.5121951219512195,52,31614
142,2,43,W,0.13856608233208587,0.2552754982415006,0.6436170212765957,0.7447245017584995,0.8320802005012531,0.0,0.5542168674698795,53,31613
143,2,44,W,0.13689186527476857,0.2456037514654162,0.6493440968718466,0.7543962485345839,0.835765885301489,0.0,0.6933333333333334,54,31612
144,2,45,W,0.13787669883789638,0.2429660023446659,0.648506151142355,0.7570339976553341,0.8356921716054843,0.0,0.6,55,31611
145,2,46,RWR,0.15540673626157178,0.22655334114888628,0.6258003319895661,0.7734466588511137,0.8266991006929088,0.0,0.4857142857142857,56,31610
146,2,47,RWR,0.14752806775654914,0.2473622508792497,0.631578947368421,0.7526377491207503,0.8273625239569512,0.0,0.4722222222222222,57,31609
147,2,48,RRR,0.14565688398660626,0.26289566236811257,0.6296945418127191,0.7371043376318874,0.8248562582927909,0.0,0.6049382716049383,58,31608
148,2,49,W,0.1371873153437069,0.26260257913247365,0.6436428754157073,0.7373974208675264,0.8312693498452013,0.0,0.6231884057971014,59,31607
149,2,50,RRR,0.14703565097498522,0.24706916764361078,0.6324470704086657,0.7529308323563892,0.8278048061329795,0.0,0.5641025641025641,60,31606
150,2,51,RWR,0.1465432341934213,0.2502930832356389,0.6322293623331685,0.7497069167643611,0.8273625239569512,0.0,0.5416666666666666,61,31605
151,2,52,RWR,0.12861926334449478,0.27139507620164127,0.6555907172995781,0.7286049237983587,0.8354710305174702,0.0,0.5857142857142857,62,31604
152,2,53,RWR,0.12221784518416387,0.27227432590855805,0.6667561761546724,0.727725674091442,0.8400412796697626,0.0,0.6060606060606061,63,31603
153,2,54,W,0.1214299783336616,0.2842907385697538,0.6644897959183673,0.7157092614302462,0.837608727701607,0.0,0.5925925925925926,64,31602
154,2,55,W,0.1292101634823715,0.26436107854630714,0.6567242281527996,0.7356389214536928,0.8367978770455551,0.0,0.527027027027027,65,31601
155,2,56,RWR,0.12930864683868426,0.27227432590855805,0.6541095890410958,0.727725674091442,0.834733893557423,0.0,0.4810126582278481,66,31600
156,2,57,W,0.1238920622414812,0.27432590855803046,0.6630958757364757,0.7256740914419695,0.8382721509656494,0.0,0.581081081081081,67,31599
157,2,58,RWR,0.13039196375812487,0.2728604923798359,0.6520367936925099,0.7271395076201641,0.8337756155093616,0.0,0.5,68,31598
158,2,59,W,0.12576324601142408,0.2705158264947245,0.6609134360063728,0.7294841735052755,0.8378298687896211,0.0,0.5454545454545454,69,31597
159,2,60,W,0.13403584794169784,0.24384525205158264,0.6546561786348642,0.7561547479484173,0.8383458646616542,0.0,0.5945945945945946,70,31596
160,2,61,RWR,0.1314752806775655,0.24062133645955452,0.6599592460519613,0.7593786635404455,0.8410732714138287,0.0,0.5789473684210527,71,31595
161,2,62,W,0.12861926334449478,0.2458968347010551,0.6633152874452178,0.7541031652989449,0.8418841220698806,0.0,0.5542168674698795,72,31594
162,2,63,RRR,0.1314752806775655,0.22743259085580306,0.6638126416519768,0.772567409144197,0.844390387734041,0.0,0.581081081081081,73,31593
163,2,64,W,0.12980106362024818,0.23270808909730364,0.6651422764227642,0.7672919109026963,0.8443166740380362,0.0,0.5897435897435898,74,31592
164,2,65,RWR,0.13009651368918654,0.22801875732708088,0.665992414664981,0.7719812426729191,0.8452749520860976,0.0,0.5921052631578947,75,31591
165,2,66,RWR,0.12930864683868426,0.22977725674091443,0.6668358284699315,0.7702227432590856,0.8454223794781071,0.0,0.4861111111111111,76,31590
166,2,67,RWR,0.12408902895410676,0.2376905041031653,0.6736596736596736,0.7623094958968347,0.8473389355742297,0.0,0.5324675324675324,77,31589
167,2,68,RRR,0.12280874532204057,0.24794841735052756,0.6729609231576187,0.7520515826494725,0.8457172342621259,0.0,0.3783783783783784,78,31588
168,2,69,RWR,0.12467992909198346,0.2429660023446659,0.6710833982852689,0.7570339976553341,0.8455698068701165,0.0,0.32894736842105265,79,31587
169,2,70,RRR,0.12103604490841048,0.2523446658851114,0.6748677248677248,0.7476553341148886,0.84593837535014,0.0,0.5128205128205128,80,31586
170,2,71,RRR,0.12064211148315934,0.2541031652989449,0.6750663129973474,0.7458968347010551,0.8457909479581306,0.0,0.4939759036144578,81,31585
171,2,72,W,0.11758912743746307,0.2523446658851114,0.6811748998664886,0.7476553341148886,0.8485183547103051,0.0,0.575,82,31584
172,2,73,W,0.11985424463265708,0.24941383352872215,0.6778718898888301,0.7505861664712778,0.8475600766622439,0.0,0.618421052631579,83,31583
173,2,74,W,0.11660429387433524,0.246189917936694,0.6847710330138446,0.753810082063306,0.8508034792864514,0.0,0.45121951219512196,84,31582
174,2,75,RWR,0.12054362812684656,0.24150058616647127,0.6789087093389297,0.7584994138335287,0.8490343505823382,0.0,0.5256410256410257,85,31581
175,2,76,RWR,0.11808154421902699,0.2473622508792497,0.6817095832227237,0.7526377491207503,0.8494029190623618,0.0,0.5517241379310345,86,31580
176,2,77,RWR,0.1185739610005909,0.25205158264947247,0.6794462193823216,0.7479484173505275,0.8478549314462627,0.0,0.5466666666666666,87,31579
177,2,78,RWR,0.11443766003545401,0.2584994138335287,0.6852654387865655,0.7415005861664713,0.849329205366357,0.0,0.5421686746987951,88,31578
178,2,79,W,0.10823320858774867,0.27520515826494724,0.6923292273236282,0.7247948417350527,0.8497714875423854,0.0,0.4567901234567901,89,31577
179,2,80,RWR,0.11296040969076226,0.2596717467760844,0.6877212088211272,0.7403282532239156,0.8501400560224089,0.0,0.4857142857142857,90,31576
180,2,81,RRR,0.11493007681701792,0.25732708089097306,0.684679816265874,0.742672919109027,0.8492554916703523,0.0,0.49411764705882355,91,31575
181,2,82,RWR,0.11335434311601339,0.264947245017585,0.6854331784640613,0.735052754982415,0.8485183547103051,0.0,0.5324675324675324,92,31574
182,2,83,RWR,0.10951349221981485,0.2693434935521688,0.6915395284327324,0.7306565064478312,0.8502874834144184,0.0,0.5769230769230769,93,31573
183,2,84,RWR,0.10764230844987197,0.27989449003517,0.6921126760563381,0.72010550996483,0.8490343505823382,0.0,0.5063291139240507,94,31572
184,2,85,RWR,0.10626354146149301,0.2790152403282532,0.6951116134501272,0.7209847596717468,0.8502874834144184,0.0,0.6266666666666667,95,31571
185,2,86,RWR,0.10202875714004334,0.29425556858147717,0.6991869918699187,0.7057444314185228,0.849624060150376,0.0,0.6547619047619048,96,31570
186,2,87,RWR,0.09956667323222375,0.29454865181711604,0.7042129900526624,0.7054513481828839,0.8513931888544891,0.0,0.5813953488372093,97,31569
187,2,88,RWR,0.09523340555446129,0.3103751465416178,0.7087349397590361,0.6896248534583822,0.8506560518944419,0.0,0.4533333333333333,98,31568
188,2,89,RWR,0.09533188891077408,0.30275498241500587,0.7107857783089334,0.6972450175849941,0.8524988942945599,0.0,0.6493506493506493,99,31567
189,2,90,W,0.0910971045893244,0.32444314185228607,0.7136222910216719,0.6755568581477139,0.8502137697184137,0.0,0.5662650602409639,100,31566
190,2,91,RWR,0.09444553870395903,0.3182883939038687,0.7080669710806697,0.6817116060961314,0.8492554916703523,0.0,0.49382716049382713,101,31565
191,2,92,W,0.09247587157770337,0.31975381008206333,0.7119631901840491,0.6802461899179367,0.8503611971104231,0.0,0.55,102,31564
192,2,93,RRR,0.09493795548552295,0.3048065650644783,0.7110311750599521,0.6951934349355217,0.8522777532065458,0.0,0.5194805194805194,103,31563
193,2,94,RWR,0.09415008863502068,0.3086166471277843,0.7116138763197587,0.6913833528722158,0.8519091847265222,0.0,0.5180722891566265,104,31562
194,2,95,W,0.0928698050029545,0.3182883939038687,0.7115325787702661,0.6817116060961314,0.8504349108064279,0.0,0.47368421052631576,105,31561
195,2,96,RWR,0.09572582233602521,0.30392731535756157,0.7095906782193009,0.6960726846424384,0.8519091847265222,0.0,0.5822784810126582,106,31560
196,2,97,RWR,0.0922789048650778,0.3159437280187573,0.7135432589422195,0.6840562719812426,0.8514669025504938,0.0,0.5189873417721519,107,31559
197,2,98,W,0.09139255465826275,0.32532239155920284,0.7126934984520124,0.6746776084407972,0.8497714875423854,0.0,0.475,108,31558
198,2,99,RWR,0.09602127240496357,0.30128956623681125,0.7097350401905329,0.6987104337631888,0.8523514669025505,0.0,0.4594594594594595,109,31557
199,2,100,W,0.08617293677368525,0.3308909730363423,0.7229259024699176,0.6691090269636577,0.8522777532065458,0.0,0.4827586206896552,110,31556
200,3,1,RWR,0.023434423001181568,0.9290322580645162,0.5041666666666667,0.07096774193548387,0.7489311514079315,0.0,0.041237113402061855,11,31655
201,3,2,RWR,0.004923198109491926,0.9689149560117302,0.6794871794871795,0.031085043988269796,0.7527642636001769,0.0,0.04,12,31654
202,3,3,W,0.0014769594328475778,0.9812316715542522,0.810126582278481,0.0187683284457478,0.7522482677281439,0.0,0.02,13,31653
203,3,4,W,0.009649468294604176,0.9410557184750733,0.6722408026755853,0.05894428152492669,0.7562288073123986,0.0,0.05102040816326531,14,31652
204,3,5,W,0.02510831035840882,0.7554252199413489,0.7658402203856749,0.24457478005865102,0.7913165266106442,0.0,0.3010752688172043,15,31651
205,3,6,W,0.042733359590389916,0.7378299120234604,0.6731927710843374,0.26217008797653957,0.7825445967860829,0.0,0.17777777777777778,16,31650
206,3,7,RWR,0.0651831429696731,0.6879765395894428,0.6164542294322132,0.3120234604105572,0.7782692024178093,0.0,0.15555555555555556,17,31649
207,3,8,W,0.042437967703820405,0.7973607038123167,0.6158645276292335,0.20263929618768328,0.7678018575851393,0.0,0.10526315789473684,18,31648
208,3,9,RRR,0.052185899960614415,0.6765395894428152,0.6754439681567667,0.3234604105571848,0.790874244434616,0.0,0.2857142857142857,19,31647
209,3,10,RWR,0.04135486411973218,0.6803519061583577,0.7218543046357616,0.3196480938416422,0.7980244729470736,0.0,0.3626373626373626,20,31646
210,3,11,RRR,0.0373178416699488,0.7155425219941349,0.7190511489992587,0.2844574780058651,0.7922010909627009,0.0,0.18681318681318682,21,31645
211,3,12,RWR,0.03446238676644348,0.7398826979472141,0.7170573969280517,0.26011730205278594,0.7882205513784462,0.0,0.30434782608695654,22,31644
212,3,13,RWR,0.032886963371406064,0.7636363636363637,0.7070175438596491,0.23636363636363636,0.7834291611381394,0.0,0.18478260869565216,23,31643
213,3,14,W,0.024419062623079954,0.8173020527859237,0.7152698048220436,0.18269794721407626,0.7762789326256818,0.0,0.2916666666666667,24,31642
214,3,15,RWR,0.02599448601811737,0.7882697947214077,0.7322515212981744,0.21173020527859238,0.7823971693940734,0.0,0.19791666666666666,25,31641
215,3,16,RRR,0.024222134698700274,0.773900293255132,0.7581120943952803,0.22609970674486804,0.7873359870263895,0.0,0.35051546391752575,26,31640
216,3,17,RWR,0.015458842063804648,0.7759530791788857,0.8295331161780674,0.22404692082111438,0.7933805100987763,0.0,0.4945054945054945,27,31639
217,3,18,W,0.013686490744387554,0.7853372434017595,0.8404133180252583,0.21466275659824047,0.7923485183547103,0.0,0.44086021505376344,28,31638
218,3,19,W,0.013981882630957069,0.7366568914956012,0.8634615384615385,0.26334310850439885,0.8043638508034793,0.0,0.5909090909090909,29,31637
219,3,20,W,0.02205592753052383,0.6885630498533725,0.8258164852255054,0.3114369501466276,0.8104083738758662,0.0,0.632183908045977,30,31636
220,3,21,W,0.01860968885387948,0.7175953079178886,0.8359375,0.28240469208211144,0.8056906973315642,0.0,0.43478260869565216,31,31635
221,3,22,RRR,0.021563607719574635,0.7096774193548387,0.8188585607940446,0.2903225806451613,0.8054695562435501,0.0,0.5106382978723404,32,31634
222,3,23,W,0.01860968885387948,0.682991202346041,0.8511811023622047,0.31700879765395895,0.8143889134601209,0.0,0.7692307692307693,33,31633
223,3,24,RWR,0.023434423001181568,0.647800586510264,0.8346073662265462,0.35219941348973605,0.8196225858764559,0.0,0.7303370786516854,34,31632
224,3,25,W,0.019791256400157543,0.6645161290322581,0.8505576208178439,0.33548387096774196,0.8181483119563615,0.0,0.7701149425287356,35,31631
225,3,26,W,0.025699094131547855,0.6272727272727273,0.8296344647519582,0.37272727272727274,0.8230871295886776,0.0,0.7857142857142857,36,31630
226,3,27,W,0.026683733753446237,0.6407624633431085,0.8188502673796791,0.3592375366568915,0.8189591626124134,0.0,0.7391304347826086,37,31629
227,3,28,W,0.03072075620322962,0.5956011730205278,0.8154937906564164,0.40439882697947216,0.8272888102609465,0.0,0.875,38,31628
228,3,29,RWR,0.03790862544308783,0.5818181818181818,0.7874102705687466,0.41818181818181815,0.8253722541648238,0.0,0.7093023255813954,39,31627
229,3,30,RWR,0.03308389129578574,0.592375366568915,0.8053302433371958,0.40762463343108507,0.8263305322128851,0.0,0.7954545454545454,40,31626
230,3,31,RWR,0.03397006695549429,0.6064516129032258,0.7954949614700652,0.3935483870967742,0.8221288515406162,0.0,0.7441860465116279,41,31625
231,3,32,W,0.031114612051988972,0.6134897360703813,0.806609547123623,0.3865102639296188,0.8224974200206399,0.0,0.8275862068965517,42,31624
232,3,33,RWR,0.03367467506892478,0.6117302052785923,0.7947178871548619,0.3882697947214076,0.8210231461005455,0.0,0.7666666666666667,43,31623
233,3,34,W,0.032985427333595906,0.6190615835777126,0.7949816401468788,0.3809384164222874,0.8196962995724606,0.0,0.6976744186046512,44,31622
234,3,35,RWR,0.03721937770775896,0.6073313782991202,0.7798485730926034,0.39266862170087974,0.8194751584844464,0.0,0.6551724137931034,45,31621
235,3,36,RWR,0.03190232374950768,0.6175953079178885,0.800982800982801,0.3824046920821114,0.820875718708536,0.0,0.7752808988764045,46,31620
236,3,37,W,0.029637652619141395,0.6290322580645161,0.8077905491698595,0.3709677419354839,0.8196962995724606,0.0,0.7011494252873564,47,31619
237,3,38,W,0.0304253643166601,0.618475073313783,0.8080745341614907,0.381524926686217,0.8217602830605927,0.0,0.8352941176470589,48,31618
238,3,39,W,0.03712091374556912,0.5777126099706745,0.7925151348376445,0.4222873900293255,0.8269939554769277,0.0,0.7073170731707317,49,31617
239,3,40,W,0.052481291847183933,0.5521994134897361,0.7412621359223301,0.44780058651026394,0.8219077104526021,0.0,0.6395348837209303,50,31616
240,3,41,RRR,0.07089405277668373,0.5237536656891496,0.6928327645051194,0.47624633431085045,0.8152734778121775,0.0,0.6666666666666666,51,31615
241,3,42,RRR,0.07365104371799922,0.5252199413489737,0.6839881706801859,0.4747800586510264,0.8128409258440218,0.0,0.5975609756097561,52,31614
242,3,43,RWR,0.052875147695943286,0.5519061583577712,0.739951573849879,0.44809384164222876,0.821686569364588,0.0,0.7272727272727273,53,31613
243,3,44,RRR,0.04942890901929894,0.5739002932551319,0.7432225063938619,0.426099706744868,0.8187380215243992,0.0,0.6373626373626373,54,31612
244,3,45,W,0.04214257581725089,0.5739002932551319,0.772461456671983,0.426099706744868,0.8241928350287483,0.0,0.6444444444444445,55,31611
245,3,46,W,0.0518905080740449,0.5545454545454546,0.7424242424242424,0.44545454545454544,0.8217602830605927,0.0,0.6144578313253012,56,31610
246,3,47,RWR,0.052087435998424574,0.5612903225806452,0.7387654320987654,0.43870967741935485,0.8199174406604747,0.0,0.6470588235294118,57,31609
247,3,48,W,0.05671524222134699,0.5624633431085044,0.7214700193423598,0.4375366568914956,0.8161580421642342,0.0,0.5,58,31608
248,3,49,RRR,0.056321386372587635,0.5639296187683285,0.722195240407965,0.4360703812316716,0.8160843284682294,0.0,0.5,59,31607
249,3,50,W,0.05395825128003151,0.5630498533724341,0.7311089303238469,0.436950146627566,0.8180745982603568,0.0,0.6904761904761905,60,31606
250,3,51,RWR,0.05641985033477747,0.5730205278592375,0.7175948743223263,0.4269794721407625,0.8137254901960784,0.0,0.6162790697674418,61,31605
251,3,52,RRR,0.05494289090192989,0.5850439882697948,0.717181956411556,0.4149560117302053,0.8118089340999558,0.0,0.5517241379310345,62,31604
252,3,53,W,0.04972430090586845,0.5780058651026393,0.7402263374485597,0.4219941348973607,0.8174848886923191,0.0,0.5294117647058824,63,31603
253,3,54,RWR,0.05641985033477747,0.5592375366568915,0.7239884393063584,0.4407624633431085,0.8171900339083001,0.0,0.5632183908045977,64,31602
254,3,55,W,0.055041354864119735,0.5609970674486804,0.728112840466926,0.43900293255131967,0.8177797434763379,0.0,0.5365853658536586,65,31601
255,3,56,W,0.057601417881055536,0.5454545454545454,0.7259953161592506,0.45454545454545453,0.8197700132684653,0.0,0.6666666666666666,66,31600
256,3,57,W,0.06144151240645924,0.5378299120234604,0.7163636363636363,0.4621700879765396,0.818811735220404,0.0,0.6705882352941176,67,31599
257,3,58,RRR,0.06478928712091375,0.5384164222873901,0.7051971326164874,0.46158357771261,0.8161580421642342,0.0,0.6470588235294118,68,31598
258,3,59,W,0.05681370618353682,0.5304985337243402,0.7350780532598714,0.4695014662756598,0.8241191213327437,0.0,0.7,69,31597
259,3,60,RWR,0.0570106341079165,0.5208211143695015,0.7383642114776322,0.47917888563049854,0.8264042459088898,0.0,0.6097560975609756,70,31596
260,3,61,RRR,0.05838912957857424,0.5296187683284458,0.7300864815657715,0.47038123167155427,0.8231608432846823,0.0,0.5714285714285714,71,31595
261,3,62,RWR,0.0518905080740449,0.5290322580645161,0.7529301453352086,0.47096774193548385,0.8281733746130031,0.0,0.65,72,31594
262,3,63,W,0.05051201260338716,0.5237536656891496,0.7599438465138044,0.47624633431085045,0.8305322128851541,0.0,0.6091954022988506,73,31593
263,3,64,W,0.04893658920834974,0.5422287390029326,0.7585034013605442,0.45777126099706744,0.8270676691729323,0.0,0.6867469879518072,74,31592
264,3,65,RWR,0.051004332414336356,0.5310850439882698,0.7553141237600378,0.4689149560117302,0.8283208020050126,0.0,0.7195121951219512,75,31591
265,3,66,W,0.046179598267034265,0.5563049853372434,0.7633703329969728,0.44369501466275657,0.8255933952528379,0.0,0.686046511627907,76,31590
266,3,67,W,0.05001969279243797,0.5419354838709678,0.7545893719806763,0.45806451612903226,0.8263305322128851,0.0,0.6333333333333333,77,31589
267,3,68,W,0.05179204411185506,0.5378299120234604,0.7497621313035204,0.4621700879765396,0.8260356774288663,0.0,0.6777777777777778,78,31588
268,3,69,RRR,0.05169358014966522,0.5302052785923753,0.7531734837799718,0.4697947214076246,0.8280259472209937,0.0,0.5862068965517241,79,31587
269,3,70,W,0.052481291847183933,0.5258064516129032,0.752093023255814,0.47419354838709676,0.8285419430930266,0.0,0.5609756097560976,80,31586
270,3,71,W,0.0531705395825128,0.506158357771261,0.7571942446043165,0.493841642228739,0.8329647648533097,0.0,0.611764705882353,81,31585
271,3,72,W,0.056222922410397794,0.49266862170087977,0.7518470230334637,0.5073313782991202,0.8340704702933806,0.0,0.6966292134831461,82,31584
272,3,73,W,0.05612445844820796,0.4826979472140763,0.7557840616966581,0.5173020527859238,0.8366504496535456,0.0,0.5733333333333334,83,31583
273,3,74,RRR,0.059767625049231984,0.47917888563049854,0.7452790600083928,0.5208211143695015,0.8348076072534277,0.0,0.6309523809523809,84,31582
274,3,75,W,0.05425364316660102,0.48123167155425217,0.7625,0.5187683284457478,0.8384195783576589,0.0,0.68,85,31581
275,3,76,RWR,0.0626230799527373,0.4744868035190616,0.7380560131795717,0.5255131964809384,0.8338493292053664,0.0,0.6385542168674698,86,31580
276,3,77,RWR,0.05799527372981489,0.4818181818181818,0.75,0.5181818181818182,0.8354710305174702,0.0,0.6296296296296297,87,31579
277,3,78,RRR,0.06075226467113037,0.4774193548387097,0.7428095039599834,0.5225806451612903,0.8345127524694088,0.0,0.675,88,31578
278,3,79,RWR,0.056912170145726665,0.48856304985337246,0.7510766580534023,0.5114369501466276,0.8345864661654135,0.0,0.7093023255813954,89,31577
279,3,80,W,0.053761323355651834,0.5029325513196481,0.7563587684069611,0.4970674486803519,0.8333333333333334,0.0,0.6987951807228916,90,31576
280,3,81,W,0.05454903505317054,0.48533724340175954,0.7600692940666955,0.5146627565982405,0.8371664455255786,0.0,0.7093023255813954,91,31575
281,3,82,RRR,0.05553367467506892,0.48035190615835777,0.7585616438356164,0.5196480938416422,0.8376824413976117,0.0,0.6025641025641025,92,31574
282,3,83,RWR,0.05651831429696731,0.47390029325513194,0.7576013513513513,0.5260997067448681,0.8385670057496682,0.0,0.5274725274725275,93,31573
283,3,84,W,0.057601417881055536,0.4782991202346041,0.7525380710659898,0.5217008797653959,0.8366504496535456,0.0,0.6956521739130435,94,31572
284,3,85,RWR,0.06153997636864907,0.4785923753665689,0.7399084477736163,0.521407624633431,0.8336281881173522,0.0,0.6436781609195402,95,31571
285,3,86,RWR,0.05120126033871603,0.48944281524926686,0.7700132684652808,0.5105571847507331,0.838640719445673,0.0,0.6136363636363636,96,31570
286,3,87,W,0.05139818826309571,0.48563049853372436,0.7706502636203867,0.5143695014662757,0.8394515701017249,0.0,0.6511627906976745,97,31569
287,3,88,W,0.05001969279243797,0.48533724340175954,0.7755192222713213,0.5146627565982405,0.8405572755417957,0.0,0.6666666666666666,98,31568
288,3,89,RWR,0.055041354864119735,0.48005865102639295,0.7602915951972555,0.519941348973607,0.83812472357364,0.0,0.5555555555555556,99,31567
289,3,90,W,0.04992122883024813,0.4847507331378299,0.776060070671378,0.5152492668621701,0.8407784166298098,0.0,0.5795454545454546,100,31566
290,3,91,W,0.05120126033871603,0.47917888563049854,0.7735191637630662,0.5208211143695015,0.8412206988058382,0.0,0.6235294117647059,101,31565
291,3,92,RWR,0.05198897203623474,0.4785923753665689,0.7710320901994796,0.521407624633431,0.8407784166298098,0.0,0.55,102,31564
292,3,93,RRR,0.05110279637652619,0.4756598240469208,0.7750325097529259,0.5243401759530791,0.8421789768538994,0.0,0.6024096385542169,103,31563
293,3,94,W,0.049330445057109096,0.4809384164222874,0.7793923381770145,0.5190615835777126,0.8421789768538994,0.0,0.6219512195121951,104,31562
294,3,95,W,0.05297361165813312,0.47331378299120236,0.7694944301628106,0.5266862170087977,0.8413681261978475,0.0,0.5764705882352941,105,31561
295,3,96,W,0.05395825128003151,0.47917888563049854,0.7641996557659209,0.5208211143695015,0.8391567153177061,0.0,0.5476190476190477,106,31560
296,3,97,W,0.05307207562032296,0.47008797653958945,0.7702472293265132,0.5299120234604106,0.8421052631578947,0.0,0.5730337078651685,107,31559
297,3,98,RWR,0.053367467506892474,0.46774193548387094,0.7700466694951209,0.532258064516129,0.8424738316379183,0.0,0.4875,108,31558
298,3,99,W,0.05198897203623474,0.4715542521994135,0.7733905579399142,0.5284457478005865,0.8425475453339231,0.0,0.6363636363636364,109,31557
299,3,100,RRR,0.053465931469082316,0.4665689149560117,0.7701100762066045,0.5334310850439883,0.8426949727259325,0.0,0.5168539325842697,110,31556
300,4,1,RRR,0.06466876971608833,0.8147282291057861,0.49147286821705427,0.1852717708942139,0.7461300309597523,0.0,0.041237113402061855,11,31655
301,4,2,W,0.01222397476340694,0.9368790181180596,0.6352941176470588,0.06312098188194039,0.7545333923042902,0.0,0.11702127659574468,12,31654
302,4,3,RWR,0.05234621451104101,0.8229105786090006,0.5329815303430079,0.17708942139099942,0.7532802594722099,0.0,0.16483516483516483,13,31653
303,4,4,RRR,0.05688091482649842,0.8445353594389247,0.47971145175834085,0.1554646405610754,0.7444346159516438,0.0,0.09574468085106383,14,31652
304,4,5,W,0.01025236593059937,0.8907071887784921,0.7824267782426778,0.10929281122150789,0.7676544301931298,0.0,0.1111111111111111,15,31651
305,4,6,W,0.015970031545741326,0.8755113968439509,0.7244897959183674,0.1244886031560491,0.7672121480171016,0.0,0.1134020618556701,16,31650
306,4,7,W,0.024645110410094637,0.8544710695499708,0.6657754010695187,0.1455289304500292,0.7660327288810261,0.0,0.09574468085106383,17,31649
307,4,8,RRR,0.03716482649842271,0.8378141437755698,0.5954935622317596,0.16218585622443016,0.7608727701606959,0.0,0.10416666666666667,18,31648
308,4,9,RWR,0.019124605678233438,0.8448275862068966,0.7324137931034482,0.15517241379310345,0.7725932478254459,0.0,0.09375,19,31647
309,4,10,W,0.018631703470031544,0.8419053185271771,0.7410958904109589,0.1580946814728229,0.7736989532655167,0.0,0.12371134020618557,20,31646
310,4,11,W,0.037756309148264985,0.8223261250730567,0.6135216952573158,0.1776738749269433,0.7643373138729176,0.0,0.08163265306122448,21,31645
311,4,12,W,0.03755914826498423,0.8053769725306839,0.6361031518624641,0.1946230274693162,0.7687601356332007,0.0,0.07446808510638298,22,31644
312,4,13,W,0.05461356466876972,0.67416715371128,0.6680647094068305,0.32583284628872006,0.7891051157305027,0.0,0.24705882352941178,23,31643
313,4,14,RWR,0.08014589905362776,0.5385739333722969,0.6601170568561873,0.4614260666277031,0.8042164234114698,0.0,0.19540229885057472,24,31642
314,4,15,RWR,0.05027602523659306,0.6177673874926943,0.7194719471947195,0.38223261250730567,0.8065752616836208,0.0,0.36363636363636365,25,31641
315,4,16,W,0.04564274447949527,0.6534190531852718,0.71922377198302,0.34658094681472823,0.801046734483267,0.0,0.29347826086956524,26,31640
316,4,17,W,0.057275236593059935,0.5946814728229106,0.7047764227642277,0.40531852717708944,0.8071649712516585,0.0,0.25,27,31639
317,4,18,RRR,0.062302839116719244,0.6008182349503215,0.6836836836836837,0.39918176504967856,0.8018575851393189,0.0,0.3333333333333333,28,31638
318,4,19,W,0.04633280757097792,0.6312098188194039,0.7286374133949192,0.36879018118059614,0.8061329795075926,0.0,0.3855421686746988,29,31637
319,4,20,RRR,0.049191640378548895,0.5917592051431911,0.7368143459915611,0.40824079485680886,0.8139466312840926,0.0,0.47674418604651164,30,31636
320,4,21,RWR,0.04810725552050473,0.5984804208065458,0.7379162191192267,0.4015195791934541,0.813062066932036,0.0,0.48314606741573035,31,31635
321,4,22,RWR,0.04978312302839117,0.6104617182933957,0.7252448313384113,0.3895382817066043,0.8087866725637624,0.0,0.32222222222222224,32,31634
322,4,23,W,0.04061514195583596,0.6563413208649912,0.7405541561712846,0.34365867913500875,0.8040689960194605,0.0,0.3225806451612903,33,31633
323,4,24,RWR,0.04889589905362776,0.6186440677966102,0.7245974458634092,0.3813559322033898,0.8073861123396727,0.0,0.38372093023255816,34,31632
324,4,25,RWR,0.042882492113564666,0.6510812390414962,0.7329650092081031,0.3489187609585038,0.8037004275394368,0.0,0.4148936170212766,35,31631
325,4,26,RWR,0.03736198738170347,0.657218001168907,0.7557989690721649,0.34278199883109295,0.8062804068996019,0.0,0.5121951219512195,36,31630
326,4,27,RWR,0.03608044164037855,0.6896551724137931,0.7436974789915967,0.3103448275862069,0.7990564646911397,0.0,0.4838709677419355,37,31629
327,4,28,RRR,0.02789826498422713,0.6984219754529515,0.7847908745247149,0.3015780245470485,0.8029632905793896,0.0,0.4146341463414634,38,31628
328,4,29,RRR,0.020011829652996846,0.7454704850964349,0.8109869646182495,0.2545295149035652,0.7969924812030075,0.0,0.3218390804597701,39,31627
329,4,30,RWR,0.015575709779179811,0.7419637638807715,0.8482228626320846,0.25803623611922855,0.8011941618752765,0.0,0.47191011235955055,40,31626
330,4,31,RRR,0.016167192429022082,0.7521917007597896,0.8379446640316206,0.24780829924021042,0.798171900339083,0.0,0.3978494623655914,41,31625
331,4,32,W,0.01350552050473186,0.7706019871420222,0.851409978308026,0.22939801285797778,0.7955182072829131,0.0,0.3516483516483517,42,31624
332,4,33,RRR,0.015181388012618296,0.7530683810637054,0.8458458458458459,0.24693161893629456,0.798687896211116,0.0,0.4583333333333333,43,31623
333,4,34,W,0.016068611987381704,0.7378725891291642,0.8462264150943396,0.26212741087083574,0.8018575851393189,0.0,0.3978494623655914,44,31622
334,4,35,W,0.01626577287066246,0.700759789596727,0.8612279226240538,0.2992402104032729,0.8110717971399086,0.0,0.5806451612903226,45,31621
335,4,36,RWR,0.021490536277602525,0.6654003506721216,0.8400586940572267,0.33459964932787845,0.8160843284682294,0.0,0.6666666666666666,46,31620
336,4,37,W,0.015378548895899053,0.7077732320280538,0.8650519031141869,0.29222676797194624,0.8099660916998378,0.0,0.4148936170212766,47,31619
337,4,38,W,0.021194794952681388,0.6618936294564582,0.8432944606413995,0.3381063705435418,0.8171900339083001,0.0,0.4943820224719101,48,31618
338,4,39,W,0.021391955835962144,0.6610169491525424,0.8424110384894699,0.3389830508474576,0.8172637476043049,0.0,0.5280898876404494,49,31617
339,4,40,W,0.022180599369085174,0.6388077147866744,0.8459958932238193,0.3611922852133255,0.8222762789326257,0.0,0.6344086021505376,50,31616
340,4,41,W,0.022772082018927445,0.6341320864991233,0.8442346594740391,0.36586791350087666,0.8230134158926729,0.0,0.5494505494505495,51,31615
341,4,42,RWR,0.025433753943217667,0.6165984804208066,0.8356687898089172,0.38340151957919344,0.8254459678608286,0.0,0.5393258426966292,52,31614
342,4,43,W,0.0229692429022082,0.6309175920514319,0.8442513368983957,0.3690824079485681,0.8236768391567153,0.0,0.6136363636363636,53,31613
343,4,44,W,0.025335173501577286,0.6046171829339567,0.8403726708074534,0.3953828170660432,0.8285419430930266,0.0,0.6551724137931034,54,31612
344,4,45,RWR,0.0326301261829653,0.5780245470485097,0.8135211267605634,0.42197545295149036,0.8297950759251069,0.0,0.6666666666666666,55,31611
345,4,46,W,0.027405362776025236,0.6063705435417884,0.8289230769230769,0.39362945645821157,0.8265516733008993,0.0,0.5168539325842697,56,31610
346,4,47,W,0.030264195583596214,0.5908825248392753,0.8201523140011716,0.4091174751607247,0.8283208020050126,0.0,0.4444444444444444,57,31609
347,4,48,RWR,0.037756309148264985,0.548801870251315,0.8012454592631033,0.451198129748685,0.8333333333333334,0.0,0.4942528735632184,58,31608
348,4,49,W,0.03253154574132492,0.5736411455289304,0.815539407490218,0.4263588544710695,0.8309744950611824,0.0,0.6111111111111112,59,31607
349,4,50,W,0.038643533123028394,0.5432495616598481,0.7994884910485933,0.45675043834015194,0.8340704702933806,0.0,0.5517241379310345,60,31606
350,4,51,W,0.040417981072555204,0.5464640561075395,0.7910295616717635,0.45353594389246055,0.8319327731092437,0.0,0.524390243902439,61,31605
351,4,52,W,0.04485410094637224,0.5248392752776154,0.7813551177318597,0.4751607247223846,0.8340704702933806,0.0,0.6511627906976745,62,31604
352,4,53,RWR,0.047910094637223975,0.5245470485096435,0.7699952673923331,0.4754529514903565,0.831859059413239,0.0,0.6,63,31603
353,4,54,W,0.04268533123028391,0.5493863237872589,0.780759493670886,0.45061367621274107,0.829500221141088,0.0,0.5777777777777777,64,31602
354,4,55,W,0.04347397476340694,0.5549386323787259,0.7754582484725051,0.44506136762127413,0.8275099513489607,0.0,0.6705882352941176,65,31601
355,4,56,RWR,0.04722003154574132,0.5119812974868498,0.7771056305258259,0.4880187025131502,0.8355447442134749,0.0,0.625,66,31600
356,4,57,W,0.04475552050473186,0.5210403272939801,0.7830864787386527,0.47895967270601986,0.8351024620374465,0.0,0.5581395348837209,67,31599
357,4,58,W,0.046234227129337536,0.5146113383985973,0.77981220657277,0.4853886616014027,0.8356184579094795,0.0,0.5,68,31598
358,4,59,RWR,0.04820583596214511,0.5029222676797195,0.7767123287671233,0.4970777323202805,0.8370927318295739,0.0,0.6626506024096386,69,31597
359,4,60,RRR,0.04445977917981073,0.5125657510227937,0.7871637564889099,0.48743424897720633,0.8374613003095975,0.0,0.7325581395348837,70,31596
360,4,61,W,0.04278391167192429,0.5154880187025132,0.7925430210325047,0.48451198129748685,0.8379772961816305,0.0,0.5647058823529412,71,31595
361,4,62,W,0.04672712933753943,0.5029222676797195,0.7820689655172414,0.4970777323202805,0.8381984372696447,0.0,0.6712328767123288,72,31594
362,4,63,W,0.047121451104100945,0.4766218585622443,0.7893345085940943,0.5233781414377557,0.8445378151260504,0.0,0.6666666666666666,73,31593
363,4,64,W,0.04988170347003155,0.45587375803623614,0.7863175675675675,0.5441262419637639,0.8477075040542533,0.0,0.6883116883116883,74,31592
364,4,65,W,0.05412066246056782,0.4532437171244886,0.7731404958677686,0.5467562828755114,0.8452012383900929,0.0,0.7142857142857143,75,31591
365,4,66,W,0.05372634069400631,0.4500292226767972,0.7754429336629584,0.5499707773232028,0.8463069438301637,0.0,0.5875,76,31590
366,4,67,W,0.0569794952681388,0.44155464640561076,0.7677782241864203,0.5584453535943893,0.8460120890461448,0.0,0.7228915662650602,77,31589
367,4,68,W,0.05845820189274448,0.4327878433664524,0.765982636148382,0.5672121566335476,0.8471177944862155,0.0,0.7721518987341772,78,31588
368,4,69,RWR,0.06042981072555205,0.4172998246639392,0.7648638281549673,0.5827001753360608,0.8495503464543712,0.0,0.759493670886076,79,31587
369,4,70,RWR,0.0569794952681388,0.43454120397428403,0.7699960206923995,0.5654587960257159,0.8477812177502579,0.0,0.7974683544303798,80,31586
370,4,71,W,0.05540220820189275,0.4520748100526008,0.7693885925318014,0.5479251899473991,0.8445378151260504,0.0,0.8095238095238095,81,31585
371,4,72,W,0.05638801261829653,0.440385739333723,0.7700040209087253,0.5596142606662771,0.846749226006192,0.0,0.6,82,31584
372,4,73,W,0.056782334384858045,0.43015780245470486,0.7719714964370546,0.5698421975452952,0.8490343505823382,0.0,0.7108433734939759,83,31583
373,4,74,RWR,0.05944400630914826,0.41934541203974285,0.7671814671814672,0.5806545879602572,0.8497714875423854,0.0,0.6265060240963856,84,31582
374,4,75,RWR,0.05747239747634069,0.4374634716540035,0.7675438596491229,0.5625365283459965,0.8466755123101872,0.0,0.6746987951807228,85,31581
375,4,76,RWR,0.05274053627760252,0.4520748100526008,0.7780082987551867,0.5479251899473991,0.8465280849181778,0.0,0.7037037037037037,86,31580
376,4,77,RWR,0.05116324921135647,0.45850379894798365,0.7811973018549747,0.5414962010520163,0.8460858027421495,0.0,0.7647058823529411,87,31579
377,4,78,W,0.05362776025236593,0.4549970777323203,0.7741801577418016,0.5450029222676798,0.8451275246940881,0.0,0.7444444444444445,88,31578
378,4,79,W,0.05461356466876972,0.4576271186440678,0.7701244813278009,0.5423728813559322,0.8437269644699985,0.0,0.6506024096385542,89,31577
379,4,80,W,0.05766955835962145,0.44447691408533024,0.7646822204344328,0.5555230859146698,0.8447589562140646,0.0,0.775,90,31576
380,4,81,W,0.05776813880126183,0.4418468731735827,0.7652243589743589,0.5581531268264173,0.8453486657821023,0.0,0.6923076923076923,91,31575
381,4,82,W,0.05865536277602524,0.4354178842781999,0.7645429362880887,0.5645821157218002,0.8463069438301637,0.0,0.6785714285714286,92,31574
382,4,83,RWR,0.05845820189274448,0.434833430742256,0.7653343886030867,0.565166569257744,0.8466017986141825,0.0,0.7558139534883721,93,31573
383,4,84,RWR,0.05796529968454259,0.4436002337814144,0.7640449438202247,0.5563997662185857,0.8447589562140646,0.0,0.6172839506172839,94,31572
384,4,85,W,0.05707807570977918,0.44593804792518993,0.7660606060606061,0.55406195207481,0.8448326699100693,0.0,0.6753246753246753,95,31571
385,4,86,W,0.06003548895899054,0.43717124488603154,0.7597633136094675,0.5628287551139685,0.8448326699100693,0.0,0.7272727272727273,96,31570
386,4,87,W,0.06319006309148265,0.4368790181180596,0.7503894080996885,0.5631209818819404,0.8425475453339231,0.0,0.6626506024096386,97,31569
387,4,88,RWR,0.06200709779179811,0.4286966686148451,0.756578947368421,0.5713033313851549,0.8454960931741118,0.0,0.7777777777777778,98,31568
388,4,89,W,0.06289432176656151,0.43074225599064875,0.7532869296210364,0.5692577440093513,0.8443166740380362,0.0,0.7411764705882353,99,31567
389,4,90,RRR,0.06328864353312302,0.4243132670952659,0.7542113323124043,0.575686732904734,0.8456435205661211,0.0,0.8554216867469879,100,31566
390,4,91,RWR,0.06397870662460568,0.41963763880771476,0.7537001897533206,0.5803623611922852,0.8463069438301637,0.0,0.75,101,31565
391,4,92,W,0.06180993690851735,0.424021040327294,0.7586605080831409,0.5759789596727061,0.8468229397021967,0.0,0.6853932584269663,102,31564
392,4,93,RWR,0.0633872239747634,0.42314436002337813,0.7542988154375239,0.5768556399766218,0.8458646616541353,0.0,0.8,103,31563
393,4,94,W,0.06033123028391167,0.4286966686148451,0.7615894039735099,0.5713033313851549,0.846749226006192,0.0,0.7142857142857143,104,31562
394,4,95,RWR,0.061021293375394324,0.4243132670952659,0.7609115488605639,0.575686732904734,0.8473389355742297,0.0,0.7590361445783133,105,31561
395,4,96,W,0.05904968454258675,0.42694330800701347,0.766015625,0.5730566919929866,0.8481497862302816,0.0,0.7108433734939759,106,31560
396,4,97,RRR,0.06171135646687697,0.41934541203974285,0.7604286261002678,0.5806545879602572,0.8480760725342769,0.0,0.782051282051282,107,31559
397,4,98,W,0.060626971608832805,0.4216832261835184,0.7629144178874325,0.5783167738164816,0.848297213622291,0.0,0.7567567567567568,108,31558
398,4,99,W,0.062302839116719244,0.41876095850379896,0.7588706600534147,0.5812390414962011,0.8477812177502579,0.0,0.6666666666666666,109,31557
399,4,100,RWR,0.06269716088328076,0.41759205143191114,0.7580829212628376,0.5824079485680889,0.8477812177502579,0.0,0.7411764705882353,110,31556
400,5,1,RWR,0.30200811158373725,0.6786230835984958,0.26681075888568684,0.3213769164015042,0.6020197552705293,0.0,0.056179775280898875,11,31655
401,5,2,W,0.21347314274408943,0.7691640150419439,0.2699594046008119,0.23083598495805613,0.644921126345275,0.0,0.11578947368421053,12,31654
402,5,3,W,0.28449896132159463,0.6057275094012149,0.3215380986081623,0.39427249059878505,0.6336429308565531,0.0,0.13253012048192772,13,31653
403,5,4,W,0.3455336828568602,0.4521261209140874,0.35158715426025616,0.5478738790859127,0.6273035530001474,0.0,0.2839506172839506,14,31652
404,5,5,RWR,0.3903452369175982,0.38761932311252534,0.3491670790037935,0.6123806768874747,0.6103494029190624,0.0,0.3709677419354839,15,31651
405,5,6,RWR,0.367791077257889,0.4226207694532832,0.34931746587329365,0.5773792305467168,0.6182367683915672,0.0,0.323943661971831,16,31650
406,5,7,W,0.3428627955287368,0.4966734162568701,0.3342297349212447,0.5033265837431299,0.6179419136075482,0.0,0.275,17,31649
407,5,8,RWR,0.35720644969828863,0.3751807925947353,0.3742852191994455,0.6248192074052646,0.6382131800088456,0.0,0.3815789473684211,18,31648
408,5,9,RWR,0.3119002868730834,0.3879085912641018,0.4015942304042513,0.6120914087358982,0.6687306501547987,0.0,0.4696969696969697,19,31647
409,5,10,RWR,0.3028984073597784,0.36881689326005207,0.41609458428680396,0.6311831067399479,0.6803037004275394,0.0,0.4305555555555556,20,31646
410,5,11,RWR,0.2595706795924424,0.4145212612091409,0.4354561101549053,0.5854787387908591,0.7009435353088603,0.0,0.5116279069767442,21,31645
411,5,12,RWR,0.18864378276783064,0.4665895284929129,0.49160223940282594,0.5334104715070871,0.7405277900633938,0.0,0.3924050632911392,22,31644
412,5,13,W,0.1593629439113661,0.4830778131327741,0.525897586815774,0.5169221868672259,0.7581453634085213,0.0,0.48314606741573035,23,31643
413,5,14,RWR,0.15896725689979227,0.45704367949088803,0.5387485648679678,0.5429563205091119,0.7650744508329648,0.0,0.49382716049382713,24,31642
414,5,15,W,0.13928182807399347,0.5183685276251084,0.5418158151643345,0.4816314723748915,0.7641161727849034,0.0,0.2857142857142857,25,31641
415,5,16,RWR,0.16658423187258878,0.4067110211165751,0.5491298527443106,0.5932889788834249,0.7722246793454224,0.0,0.46511627906976744,26,31640
416,5,17,RWR,0.145612820259175,0.45039051200462826,0.5634638196915777,0.5496094879953717,0.7767212148017102,0.0,0.4222222222222222,27,31639
417,5,18,RWR,0.13245622712434466,0.5267573040208273,0.5499159663865546,0.4732426959791727,0.7670647206250921,0.0,0.3855421686746988,28,31638
418,5,19,RWR,0.13492927094668117,0.5360138848712757,0.5404312668463612,0.46398611512872434,0.7628630399528232,0.0,0.37037037037037035,29,31637
419,5,20,RRR,0.10960530220595509,0.5993636100665317,0.5555555555555556,0.40063638993346834,0.7655904467049978,0.0,0.3488372093023256,30,31636
420,5,21,W,0.08596300326441784,0.670234307202777,0.5674464907914385,0.329765692797223,0.7651481645289695,0.0,0.41379310344827586,31,31635
421,5,22,RRR,0.09813037887031358,0.5846109343361295,0.5914332784184514,0.4153890656638704,0.7779006339377856,0.0,0.38823529411764707,32,31634
422,5,23,W,0.0886338905925413,0.6155626265548163,0.5973033707865169,0.3844373734451837,0.7770897832817337,0.0,0.4421052631578947,33,31633
423,5,24,RWR,0.09793253536452666,0.5724616719699162,0.5988654781199352,0.4275383280300839,0.7811440365619933,0.0,0.47058823529411764,34,31632
424,5,25,W,0.09021663863883668,0.5762221579404108,0.6163230963399243,0.42377784205958924,0.7859354268022999,0.0,0.6206896551724138,35,31631
425,5,26,RWR,0.10179048372737165,0.5687011859994214,0.5916666666666667,0.4312988140005785,0.7792274804658705,0.0,0.5647058823529412,36,31630
426,5,27,W,0.09140369967355821,0.5718831356667631,0.6156405990016639,0.4281168643332369,0.7861565678903141,0.0,0.532608695652174,37,31629
427,5,28,W,0.10040557918686319,0.4743997685854787,0.6415960451977402,0.5256002314145213,0.8042901371074745,0.0,0.4358974358974359,38,31628
428,5,29,W,0.10643980611336433,0.44605148973098063,0.6402540956201939,0.5539485102690194,0.8070175438596491,0.0,0.5681818181818182,39,31627
429,5,30,W,0.10287862300919973,0.4587792884003471,0.6427344555135692,0.5412207115996529,0.8064278342916114,0.0,0.43902439024390244,40,31626
430,5,31,RWR,0.12711445246809774,0.3737344518368528,0.6275362318840579,0.6262655481631473,0.8100398053958425,0.0,0.4805194805194805,41,31625
431,5,32,RRR,0.10238401424473241,0.40873589817761063,0.6638518999675219,0.5912641018223893,0.8195488721804511,0.0,0.40789473684210525,42,31624
432,5,33,W,0.07933524582055594,0.49696268440844665,0.6843762298307753,0.5030373155915534,0.8142414860681114,0.0,0.4880952380952381,43,31623
433,5,34,RWR,0.09407458700168167,0.4605148973098062,0.6622869318181818,0.5394851026901938,0.812546071060003,0.0,0.5176470588235295,44,31622
434,5,35,RRR,0.08032446334949055,0.49725195256002314,0.6815686274509803,0.5027480474399768,0.8134306354120595,0.0,0.5476190476190477,45,31621
435,5,36,RRR,0.09021663863883668,0.4833670812843506,0.6619718309859155,0.5166329187156494,0.8095975232198143,0.0,0.5060240963855421,46,31620
436,5,37,RRR,0.07300425363537442,0.5082441423199305,0.6972928630024611,0.4917558576800694,0.8160843284682294,0.0,0.5853658536585366,47,31619
437,5,38,W,0.06697002670887328,0.5490309516922187,0.697227191413238,0.45096904830778134,0.810187232787852,0.0,0.5,48,31618
438,5,39,RWR,0.07072905331882481,0.48510269019380964,0.7134268537074149,0.5148973098061903,0.8236768391567153,0.0,0.5268817204301075,49,31617
439,5,40,W,0.06756355722623406,0.5117153601388487,0.7119358920286799,0.4882846398611513,0.8192540173964322,0.0,0.5529411764705883,50,31616
440,5,41,W,0.07181719260065289,0.4966734162568701,0.7055961070559611,0.5033265837431299,0.8199174406604747,0.0,0.4444444444444444,51,31615
441,5,42,RWR,0.0776535760213671,0.47989586346543245,0.6960898180410375,0.5201041365345676,0.8198437269644699,0.0,0.6705882352941176,52,31614
442,5,43,RRR,0.07359778415273519,0.48568122649696266,0.7049960348929422,0.5143187735030373,0.821391714580569,0.0,0.4943820224719101,53,31613
443,5,44,W,0.07310317538826788,0.4958056118021406,0.702256244963739,0.5041943881978594,0.8191803037004275,0.0,0.45121951219512196,54,31612
444,5,45,W,0.07735681076268672,0.47960659531385597,0.6970166602092213,0.520393404686144,0.8201385817484889,0.0,0.5952380952380952,55,31611
445,5,46,RWR,0.08141260263131862,0.45617587503615853,0.6955234924158342,0.5438241249638415,0.8230871295886776,0.0,0.5813953488372093,56,31610
446,5,47,W,0.07933524582055594,0.4732426959791727,0.6942432329393824,0.5267573040208273,0.8202860091404983,0.0,0.5061728395061729,57,31609
447,5,48,RWR,0.08329211593629439,0.4706392826149841,0.6848802395209581,0.5293607173850159,0.818000884564352,0.0,0.4819277108433735,58,31608
448,5,49,W,0.08081907211395786,0.47989586346543245,0.6875717017208413,0.5201041365345676,0.8174848886923191,0.0,0.5,59,31607
449,5,50,RRR,0.08576515975863093,0.4631183106739948,0.68160117517444,0.5368816893260052,0.8180745982603568,0.0,0.5494505494505495,60,31606
450,5,51,RWR,0.08705114254624592,0.46253977437084176,0.6785975164353543,0.5374602256291582,0.8172637476043049,0.0,0.4883720930232558,61,31605
451,5,52,RRR,0.08744682955781977,0.46485391958345385,0.6766642282370153,0.5351460804165461,0.8163791832522482,0.0,0.5308641975308642,62,31604
452,5,53,W,0.08062122860817093,0.4911773213769164,0.6833721833721834,0.5088226786230836,0.8147574819401445,0.0,0.4418604651162791,63,31603
453,5,54,W,0.08527055099416361,0.4764246456465143,0.6773952095808383,0.5235753543534857,0.8150523367241633,0.0,0.6,64,31602
454,5,55,RWR,0.08754575131071322,0.4622505062192653,0.6774781341107872,0.5377494937807348,0.8169688928202861,0.0,0.5764705882352941,65,31601
455,5,56,W,0.08240182016025324,0.46543245588660687,0.6892950391644909,0.5345675441133931,0.8199911543564794,0.0,0.6046511627906976,66,31600
456,5,57,RWR,0.08497378573548323,0.4729534278275962,0.6795971652368519,0.5270465721724038,0.8161580421642342,0.0,0.5060240963855421,67,31599
457,5,58,RRR,0.09051340389751707,0.46948221000867807,0.6671516915241906,0.5305177899913219,0.8129146395400265,0.0,0.6024096385542169,68,31598
458,5,59,W,0.08339103768918785,0.44981197570147524,0.692896174863388,0.5501880242985248,0.823234556980687,0.0,0.4246575342465753,69,31597
459,5,60,RWR,0.08447917697101592,0.4425802719120625,0.6929162171880618,0.5574197280879375,0.824266548724753,0.0,0.6024096385542169,70,31596
460,5,61,RWR,0.08378672470076169,0.4706392826149841,0.6836010459469556,0.5293607173850159,0.8176323160843285,0.0,0.5595238095238095,71,31595
461,5,62,RRR,0.08259966366604016,0.46890367370552505,0.6873830026207413,0.531096326294475,0.8189591626124134,0.0,0.6436781609195402,72,31594
462,5,63,W,0.07043228806014443,0.4700607463118311,0.720125786163522,0.529939253688169,0.8277310924369747,0.0,0.4880952380952381,73,31593
463,5,64,W,0.08062122860817093,0.45906855655192363,0.6964618249534451,0.5409314434480764,0.8229397021966681,0.0,0.6625,74,31592
464,5,65,W,0.09081016915619745,0.43650564072895576,0.6796929518492673,0.5634943592710443,0.8210968597965502,0.0,0.6708860759493671,75,31591
465,5,66,W,0.09100801266198437,0.4153890656638704,0.6871812308738524,0.5846109343361295,0.8263305322128851,0.0,0.5802469135802469,76,31590
466,5,67,RRR,0.09644870907112474,0.39398322244720857,0.6824104234527687,0.6060167775527915,0.8277310924369747,0.0,0.6410256410256411,77,31589
467,5,68,RWR,0.08467702047680285,0.40497541220711597,0.7061448678338482,0.595024587792884,0.8337019018133569,0.0,0.5952380952380952,78,31588
468,5,69,RRR,0.07577406271639134,0.4275383280300839,0.7209471766848816,0.5724616719699162,0.8345864661654135,0.0,0.5662650602409639,79,31587
469,5,70,RWR,0.07696112375111287,0.40410760775238647,0.7258632840028189,0.5958923922476136,0.8396727111897391,0.0,0.5411764705882353,80,31586
470,5,71,RWR,0.07577406271639134,0.4130749204512583,0.7259391771019678,0.5869250795487417,0.8382721509656494,0.0,0.48148148148148145,81,31585
471,5,72,RWR,0.06390345236917598,0.4385305177899913,0.7502899110939312,0.5614694822100087,0.8406309892378003,0.0,0.5168539325842697,82,31584
472,5,73,W,0.06469482639232367,0.43968759039629735,0.747587803936704,0.5603124096037027,0.8397464248857438,0.0,0.5222222222222223,83,31583
473,5,74,RWR,0.0653872786625779,0.4312988140005785,0.7483821850019033,0.5687011859994214,0.8413681261978475,0.0,0.5256410256410257,84,31582
474,5,75,RWR,0.06766247897912751,0.4148105293607174,0.7473217584041374,0.5851894706392826,0.843874391862008,0.0,0.47674418604651164,85,31581
475,5,76,RWR,0.06518943515679097,0.44894417124674574,0.7429797191887676,0.5510558287532543,0.8370190181335693,0.0,0.6153846153846154,86,31580
476,5,77,W,0.06212286081709368,0.4477870986404397,0.752463539613717,0.5522129013595604,0.8395989974937343,0.0,0.5833333333333334,87,31579
477,5,78,RWR,0.06528835690968444,0.4362163725773792,0.7470295132234572,0.5637836274226208,0.8401887070617721,0.0,0.5581395348837209,88,31578
478,5,79,W,0.059649816994757146,0.4582007520971941,0.7564620355411955,0.5417992479028059,0.8387881468376824,0.0,0.5595238095238095,89,31577
479,5,80,RWR,0.06499159165100406,0.4492334393983222,0.7434595860991801,0.5507665606016777,0.8370927318295739,0.0,0.6172839506172839,90,31576
480,5,81,W,0.05994658225343753,0.46716806479606593,0.7524509803921569,0.532831935203934,0.8362818811735221,0.0,0.46511627906976744,91,31575
481,5,82,RWR,0.0628153130873479,0.4483656349435927,0.7501966955153423,0.5516343650564073,0.8389355742296919,0.0,0.5632183908045977,92,31574
482,5,83,W,0.06182609555841329,0.4579114839456176,0.7498999599839936,0.5420885160543825,0.8372401592215833,0.0,0.4819277108433735,93,31573
483,5,84,W,0.07429023642298942,0.44691929418571014,0.7179872324446114,0.5530807058142898,0.8307533539731682,0.0,0.5411764705882353,94,31572
484,5,85,RWR,0.07250964487090711,0.44691929418571014,0.7228733459357278,0.5530807058142898,0.8320802005012531,0.0,0.4235294117647059,95,31571
485,5,86,RRR,0.0702344445543575,0.46253977437084176,0.7235202492211839,0.5374602256291582,0.8297950759251069,0.0,0.5764705882352941,96,31570
486,5,87,RWR,0.06420021762785637,0.46977147816025455,0.7385173247381144,0.5302285218397454,0.8324487689812767,0.0,0.611764705882353,97,31569
487,5,88,W,0.06241962607577406,0.4738212322823257,0.7424489795918368,0.5261787677176742,0.8327436237652955,0.0,0.49411764705882355,98,31568
488,5,89,W,0.06133148679394599,0.4888631761643043,0.7402597402597403,0.5111368238356957,0.8297213622291022,0.0,0.4470588235294118,99,31567
489,5,90,W,0.06805816599070136,0.45241538906566386,0.7334366524602867,0.5475846109343361,0.8339967565973758,0.0,0.5411764705882353,100,31566
490,5,91,W,0.06944307053120981,0.4532831935203934,0.7291666666666666,0.5467168064796066,0.8327436237652955,0.0,0.45121951219512196,101,31565
491,5,92,RWR,0.0728064101295875,0.4529939253688169,0.7198325085649029,0.5470060746311831,0.8303110717971399,0.0,0.4069767441860465,102,31564
492,5,93,W,0.07438915817588287,0.42638125542377786,0.7250457038391225,0.5736187445762222,0.8359133126934984,0.0,0.449438202247191,103,31563
493,5,94,RRR,0.07359778415273519,0.4220422331501302,0.7286652078774617,0.5779577668498699,0.837608727701607,0.0,0.6428571428571429,104,31562
494,5,95,W,0.0702344445543575,0.42638125542377786,0.7363535090976606,0.5736187445762222,0.8390092879256966,0.0,0.5833333333333334,105,31561
495,5,96,RWR,0.07241072311801365,0.4382412496384148,0.7262528047868362,0.5617587503615852,0.8343653250773994,0.0,0.5394736842105263,106,31560
496,5,97,W,0.0679592442378079,0.43679490888053224,0.7391799544419134,0.5632050911194677,0.8380510098776353,0.0,0.5,107,31559
497,5,98,RWR,0.07666435849243249,0.42898466878796643,0.7180793015642052,0.5710153312120335,0.8335544744213474,0.0,0.5609756097560976,108,31558
498,5,99,W,0.0745870016816698,0.4281168643332369,0.7239106554375686,0.5718831356667631,0.8353236031254607,0.0,0.5421686746987951,109,31557
499,5,100,RWR,0.07626867148085864,0.43679490888053224,0.7163355408388521,0.5632050911194677,0.831859059413239,0.0,0.47674418604651164,110,31556
